cells,scheme,edge_peclet,nodal_linf,linear_l2,exponential_l2,minimum,maximum,residual_linf,balance_error
20,central,5.0,0.4353094379966235,0.07794939274246947,0.09184495870028779,-0.428571490997538,1.0,1.8192117037429733e-17,-1.122148586778007e-17
20,upwind,5.0,0.15992871966758115,0.09375919287176998,0.033351718415849954,0.0,1.0,2.0816681711721685e-17,2.3710942238465762e-17
20,sg,5.0,5.204170427930421e-18,0.07567655828740891,1.2707337079756941e-17,0.0,1.0,3.363116314379561e-44,3.7200759760208356e-44
40,central,2.5,0.1931961097350089,0.026261509301130758,0.02584558335929873,-0.11111111111110937,1.0,1.734723475976807e-17,1.7972220731504e-18
40,upwind,2.5,0.20362928709038686,0.05271248368625176,0.031303214411381675,0.0,1.0,4.163336342344337e-17,-5.551097853686929e-17
40,sg,2.5,2.6020852139652106e-18,0.0303536707142326,6.781638237650322e-18,0.0,1.0,1.0842021724855044e-19,0.0
80,central,1.25,0.05573556609095898,0.00736387762083231,0.0065335979173498995,0.0,1.0,4.163336342344337e-17,-5.551115123125783e-17
80,upwind,1.25,0.15793964758425383,0.02816459207339986,0.022043524218598884,0.0,1.0,5.551115123125783e-17,-1.1102230246244876e-16
80,sg,1.25,6.938893903907228e-18,0.009273515637846636,5.8815160126861735e-18,0.0,1.0,2.6469779601696886e-22,0.0
160,central,0.625,0.012128379626630215,0.001903494985679351,0.0016299216725461174,0.0,1.0,2.220446049250313e-16,-4.440892098500626e-16
160,upwind,0.625,0.09219342799188035,0.014692408889686964,0.013095348322620265,0.0,1.0,1.1102230246251565e-16,-4.440892098500626e-16
160,sg,0.625,1.6653345369377348e-16,0.0024664132840737816,2.4498887418264788e-17,0.0,1.0,1.734723475976807e-18,-1.1019887531361342e-39
320,central,0.3125,0.0030205478068407454,0.0004800387937249006,0.0004070612917562516,0.0,1.0,2.220446049250313e-16,-4.440892098500626e-16
320,upwind,0.3125,0.05067922377131501,0.007548850989177366,0.007144440540570032,0.0,1.0,8.881784197001252e-16,-2.6645352591003757e-15
320,sg,0.3125,4.720179191530078e-16,0.0006268520946719336,3.5945362378561465e-16,-4.720179191410365e-16,1.0,4.720179191530049e-16,-4.440892098500627e-16
